Results_20210902_0003_0_outer_1.hdf5,200,1,4,5,6,7,10,11,12,16,19,20,21,22,23,24,25,26,27,31,32,33,34,35,36,37,38,39,40,41,42,46,47,48,49,50,51,52,53,54,55,56,57,60,61,62,63,64,65,66,67,68,69,70,71,72,73,74,76,77,78,80,81,82,83,84,85,86,87,88,89,90,91,92,93,94,95,96,97,100,101,102,103,104,106,108,109,110,111,112,113,114,115,116,117,118,119,120,121,123,124,126,127,129,130,131,132,133,134,136,137,138,139,140,141,142,143,144,145,146,147,149,150,151,152,153,154,155,156,157,158,159,161,162,163,164,166,167,168,169,170,171,172,173,174,175,176,177,178,179,180,181,182,183,184,185,186,187,188,189,191,192,193,194,196,197,198,199,200,201,202,203,204,205,206,207,210,211,214,215,216,217,218,219,220,221,222,223,224,226,227,229,230,231,232,233,234,235,236,237,240
Results_20210902_0006_0_inner_1.hdf5,196,1,2,4,5,6,7,10,16,17,18,19,20,21,22,23,26,27,31,32,33,34,35,36,37,38,39,40,41,42,46,47,48,49,50,51,52,53,54,55,56,57,60,61,62,63,64,65,66,67,68,69,70,71,72,73,74,76,77,78,80,81,82,83,84,85,86,87,88,89,90,91,92,93,94,95,96,97,100,101,102,103,104,106,108,109,110,111,112,113,114,115,116,117,118,119,120,121,123,124,126,127,129,130,131,132,133,134,136,137,138,139,140,141,142,143,144,145,146,147,149,150,151,152,153,154,155,156,157,158,159,161,162,164,166,167,168,169,170,171,172,173,174,175,176,177,178,179,181,182,183,184,185,186,187,188,189,191,192,194,196,197,198,199,200,201,202,203,204,205,206,207,210,211,214,215,216,217,218,219,220,221,222,223,224,226,227,229,230,231,232,233,234,235,236,237,240
Results_20210903_0003_45_outer_1.hdf5,200,1,4,5,6,7,10,11,12,16,18,19,20,21,22,23,24,25,26,27,31,32,33,35,36,37,38,39,40,41,42,46,47,48,49,50,51,52,53,54,55,56,57,59,60,61,62,63,64,65,66,67,68,69,70,71,72,73,74,76,77,78,80,81,82,83,84,85,86,87,88,89,90,91,92,93,94,95,96,97,100,101,102,103,104,106,108,109,110,111,112,113,114,115,116,117,118,119,120,121,123,124,126,127,129,130,131,132,133,134,136,137,138,139,140,141,142,143,144,145,146,147,149,150,151,152,153,154,155,156,157,158,159,161,162,163,164,166,167,168,169,170,171,172,173,174,176,177,178,179,180,181,182,183,184,185,186,187,188,189,191,192,193,194,196,197,198,199,200,201,202,203,204,205,206,207,210,211,214,215,216,217,218,219,220,221,222,223,224,226,227,229,230,231,232,233,234,235,236,237,240
Results_20210903_0004_45_inner_1.hdf5,193,1,4,5,6,7,10,11,12,16,18,19,20,21,22,23,25,26,27,31,32,33,34,35,36,37,38,39,40,41,42,46,47,48,50,51,52,53,54,55,56,57,60,61,62,63,64,65,66,67,68,69,70,71,72,73,74,76,78,80,81,82,83,84,85,86,87,88,89,90,91,92,93,94,95,96,97,100,101,102,103,104,106,108,109,110,111,112,113,114,115,116,117,118,119,120,121,123,127,129,130,131,132,133,134,136,137,138,139,140,141,142,143,144,145,146,147,149,150,151,153,154,155,156,157,158,159,161,162,163,164,166,167,168,169,170,171,172,173,174,176,177,178,179,180,181,182,183,184,185,186,187,188,189,191,192,194,196,197,198,199,200,201,202,203,204,205,206,207,210,211,214,215,216,217,218,219,220,221,222,223,224,226,227,229,230,231,232,233,234,235,236,237,240
Results_20210904_0000_45_inner_2.hdf5,180,1,2,4,5,6,7,11,12,16,17,18,19,20,21,22,23,24,26,27,31,32,33,34,35,36,37,38,39,40,41,42,46,47,48,50,51,52,53,54,55,56,57,60,61,62,63,64,65,66,67,68,69,71,72,73,76,78,80,81,82,83,84,85,86,87,89,90,91,92,93,95,96,97,100,101,102,103,104,106,109,110,111,112,113,114,115,117,118,119,120,121,123,127,129,130,131,132,133,134,136,137,138,139,140,141,142,143,144,145,146,147,149,150,151,153,154,155,156,157,158,159,162,164,166,167,168,169,170,173,176,177,178,179,181,182,183,184,185,186,187,188,189,191,192,194,196,197,198,199,200,201,202,203,204,205,206,207,210,211,214,215,216,217,218,219,220,221,222,223,224,227,229,230,231,232,233,234,235,236,237
Results_20210904_0004_45_inner_2.hdf5,196,1,4,5,6,7,10,11,12,16,19,20,21,22,23,24,25,26,27,31,32,33,34,35,36,37,38,39,40,41,42,46,47,48,49,50,51,52,53,54,55,56,57,60,61,62,63,64,65,66,67,68,69,70,71,72,73,74,76,77,78,81,82,83,84,85,86,87,88,89,90,91,92,93,94,95,96,97,100,101,102,103,104,106,108,109,110,111,112,113,114,115,116,117,118,119,120,121,126,127,129,130,131,132,133,134,136,137,138,139,140,141,142,143,144,145,146,147,149,150,151,152,153,154,155,156,157,158,159,161,162,163,164,166,167,168,169,170,171,172,173,175,176,177,178,179,180,181,182,183,184,185,186,187,188,189,191,192,193,194,196,197,198,199,200,201,202,203,204,205,206,207,210,211,214,215,216,217,218,219,220,221,222,223,224,226,227,229,230,231,232,233,234,235,236,237,240
Results_20210906_0002_-45_outer_1.hdf5,200,1,4,5,6,7,10,11,12,16,19,20,21,22,23,24,25,26,27,31,32,33,34,35,36,37,38,39,40,41,42,46,47,48,49,50,51,52,53,54,55,56,57,59,60,61,62,63,64,65,66,67,68,69,70,71,72,73,74,76,77,78,80,81,82,83,84,85,86,87,88,89,90,91,92,93,94,95,96,97,100,101,102,103,104,106,108,109,110,111,112,113,114,115,116,117,118,119,120,121,123,124,126,127,129,130,131,132,133,134,136,137,138,139,140,141,142,143,144,145,146,147,149,150,151,152,153,154,155,156,157,158,159,161,162,163,164,166,167,168,169,170,171,172,173,174,175,176,177,178,179,180,181,182,183,184,185,186,187,188,189,191,192,194,196,197,198,199,200,201,202,203,204,205,206,207,210,211,214,215,216,217,218,219,220,221,222,223,224,226,227,229,230,231,232,233,234,235,236,237,240
Results_20210906_0003_-45_inner_1.hdf5,197,1,2,4,5,6,7,10,11,12,16,18,19,20,21,22,23,25,26,27,31,32,33,34,35,36,37,38,39,40,41,42,46,47,48,49,50,51,52,53,54,55,56,57,60,61,62,63,64,65,66,67,68,69,70,71,72,73,74,76,78,80,81,82,83,84,85,86,87,88,89,90,91,92,93,94,95,96,97,100,101,102,103,104,106,108,109,110,111,112,113,114,115,116,117,118,119,120,121,124,126,127,129,130,131,132,133,134,136,137,138,139,140,141,142,143,144,145,146,147,149,150,151,153,154,155,156,157,158,159,161,162,163,164,166,167,168,169,170,171,172,173,174,175,176,177,178,179,180,181,182,183,184,185,186,187,188,189,191,192,194,196,197,198,199,200,201,202,203,204,205,206,207,210,211,214,215,216,217,218,219,220,221,222,223,224,226,227,229,230,231,232,233,234,235,236,237,240
Results_20210907_0000_-45_inner_2.hdf5,189,1,2,4,5,6,7,11,12,16,17,18,19,20,21,22,23,26,27,31,32,33,34,35,36,37,38,39,40,41,42,46,47,48,49,50,51,52,53,54,55,56,57,60,61,62,63,64,65,66,67,68,69,70,71,72,74,76,80,81,82,83,84,85,86,87,89,90,91,92,93,94,95,96,97,100,101,102,103,104,106,108,109,110,111,112,113,114,115,116,117,118,119,120,121,123,126,127,129,130,131,132,133,134,136,137,139,140,141,142,143,144,145,146,147,149,150,151,153,154,155,156,157,158,159,161,162,164,166,167,168,169,170,172,173,174,175,176,177,178,179,181,182,183,184,185,186,187,188,189,191,192,194,196,197,198,199,200,201,202,203,204,205,206,207,210,211,214,215,216,217,218,219,220,221,222,223,224,226,227,229,230,231,232,233,234,235,236,237,240
Results_20210907_0007_-15_inner_1.hdf5,192,1,2,4,5,6,7,10,11,12,16,18,19,20,21,22,23,26,27,31,32,33,34,35,36,37,38,39,40,41,42,46,47,48,50,51,52,53,54,56,57,60,61,62,63,64,65,66,67,68,69,70,71,72,74,76,77,78,80,81,82,83,84,85,86,87,88,89,90,91,92,93,94,95,96,97,100,101,102,103,104,106,108,109,110,111,112,113,114,115,117,118,119,120,121,123,126,127,129,130,131,132,133,134,136,137,138,139,140,141,142,143,144,145,146,147,149,150,151,153,154,155,156,157,158,159,161,162,163,164,166,167,168,169,170,171,172,173,175,176,177,178,179,180,181,182,183,184,185,186,187,188,189,191,192,194,196,197,198,199,200,201,202,203,204,205,206,207,210,211,214,215,216,217,218,219,220,221,222,223,224,226,227,229,230,231,232,233,234,235,236,237,240
Results_20210908_0000_-15_inner_2.hdf5,188,1,2,4,5,6,7,11,16,17,18,19,20,21,22,23,27,31,32,33,34,35,36,37,38,39,40,41,42,46,47,48,50,51,52,53,54,55,56,57,60,61,62,63,64,65,66,67,68,69,70,71,72,73,74,76,78,80,81,82,83,84,85,86,87,88,89,90,91,92,93,95,96,97,100,101,102,103,104,106,108,109,110,111,112,113,114,115,116,117,118,119,120,121,123,126,127,129,130,131,132,133,134,136,137,138,139,140,141,142,143,144,145,146,147,149,150,151,153,154,155,156,157,158,159,161,162,163,164,166,167,168,169,170,171,172,173,175,176,177,178,179,181,182,183,184,185,186,187,188,189,191,192,194,196,197,198,199,200,201,202,203,204,205,206,207,210,211,214,215,216,217,218,220,221,222,223,224,226,227,229,230,231,232,233,234,235,236,237
Results_20210908_0004_15_outer_1.hdf5,198,1,4,5,6,7,10,11,12,16,19,20,21,22,23,24,25,26,27,31,32,33,34,35,36,37,38,39,40,41,42,46,47,48,49,50,51,52,53,54,55,56,57,60,61,62,63,64,65,66,67,68,69,70,71,72,73,74,76,77,78,80,81,82,83,84,85,86,87,88,89,90,91,92,93,94,95,96,97,100,101,102,103,104,106,108,109,110,111,112,113,114,115,116,117,118,119,120,121,124,126,127,129,130,131,132,133,134,136,137,138,139,140,141,142,143,144,145,146,147,149,150,151,152,153,154,155,156,157,158,159,161,162,163,164,166,167,168,169,170,171,172,173,174,175,176,177,178,179,180,181,182,183,184,185,186,187,188,189,191,192,194,196,197,198,199,200,201,202,203,204,205,206,207,210,211,214,215,216,217,218,219,220,221,222,223,224,226,227,229,230,231,232,233,234,235,236,237,240
Results_20210909_0002_15_inner_1.hdf5,198,1,4,5,6,7,10,11,12,16,19,20,21,22,23,25,26,27,31,32,33,34,35,36,37,38,39,40,41,42,46,47,48,49,50,51,52,53,54,55,56,57,60,61,62,63,64,65,66,67,68,69,70,71,72,73,74,76,77,78,80,81,82,83,84,85,86,87,88,89,90,91,92,93,94,95,96,97,100,101,102,103,104,106,108,109,110,111,112,113,114,115,116,117,118,119,120,121,123,124,126,127,129,130,131,132,133,134,136,137,138,139,140,141,142,143,144,145,146,147,149,150,151,152,153,154,155,156,157,158,159,161,162,163,164,166,167,168,169,170,171,172,173,175,176,177,178,179,180,181,182,183,184,185,186,187,188,189,191,192,193,194,196,197,198,199,200,201,202,203,204,205,206,207,210,211,214,215,216,217,218,219,220,221,222,223,224,226,227,229,230,231,232,233,234,235,236,237,240
Results_20210909_0003_15_inner_2.hdf5,194,1,4,5,6,7,10,11,12,16,18,19,20,21,22,23,26,27,31,32,33,34,35,36,37,38,39,40,41,42,46,47,48,49,50,51,52,53,54,55,56,57,60,61,62,63,64,65,66,67,68,69,70,71,72,73,74,76,77,78,80,81,82,83,84,85,86,87,88,89,90,91,92,93,94,95,96,97,100,101,102,103,104,106,108,109,110,111,112,113,114,115,116,117,118,119,120,121,126,127,129,130,131,132,133,134,136,137,139,140,141,142,143,144,145,146,147,149,150,151,152,153,154,155,156,157,158,159,161,162,163,164,166,167,168,169,170,171,172,173,175,176,177,178,179,180,181,182,183,184,185,186,187,188,189,191,192,194,196,197,198,199,200,201,202,203,204,205,206,207,210,211,214,215,216,217,218,219,220,221,222,223,224,226,227,229,230,231,232,233,234,235,236,237,240
Results_20210909_0004_15_inner_3.hdf5,191,1,4,5,6,7,11,12,16,17,18,19,20,21,22,23,26,27,31,32,33,35,36,37,38,39,40,41,42,46,47,48,50,51,52,53,54,55,56,57,60,61,62,63,64,65,66,67,68,69,70,71,72,74,76,77,78,80,81,82,83,84,85,86,87,88,89,90,91,92,93,95,96,97,100,101,102,103,104,106,108,109,110,111,112,113,114,115,117,118,119,120,121,123,124,126,127,129,130,131,132,133,134,136,137,138,139,140,141,142,143,144,145,146,147,149,150,151,153,154,155,156,157,158,159,161,162,164,166,167,168,169,170,171,172,173,174,175,176,177,178,179,180,181,182,183,184,185,186,187,188,189,191,192,194,196,197,198,199,200,201,202,203,204,205,206,207,210,211,214,215,216,217,218,219,220,221,222,223,224,226,227,229,230,231,232,233,234,235,236,237,240
Results_20210910_0000_15_inner_4.hdf5,178,1,4,5,6,7,11,12,16,17,18,19,20,21,22,23,27,31,32,33,34,35,36,37,38,39,40,41,42,46,47,48,50,51,52,53,54,55,56,57,60,61,62,63,64,65,66,67,68,69,70,71,72,74,76,80,81,82,83,84,85,86,87,89,90,92,93,95,96,97,100,101,102,103,104,108,109,110,111,112,113,114,115,116,117,118,119,120,121,123,124,126,127,129,130,131,132,133,134,136,137,138,139,140,141,142,143,144,145,146,147,149,150,151,153,154,155,156,157,158,162,164,166,167,168,169,170,173,177,178,179,181,182,183,184,185,186,187,188,189,191,192,194,196,197,198,199,200,201,202,203,204,205,206,207,210,211,214,215,216,217,218,219,220,221,222,223,224,226,227,229,230,231,232,233,234,235,236,237
Results_20210911_0004_37.5_inner_1.hdf5,197,1,4,5,6,7,10,11,12,16,19,20,21,22,23,24,25,26,27,31,32,33,35,36,37,38,39,40,41,42,46,47,48,49,50,51,52,53,54,55,56,57,60,61,62,63,64,65,66,67,68,69,70,71,72,73,74,76,77,78,80,81,82,83,84,85,86,87,88,89,90,91,92,93,94,95,96,97,100,101,102,103,104,106,108,109,110,111,112,113,114,115,116,117,118,119,120,121,123,126,127,129,130,131,132,133,134,136,137,138,139,140,141,142,143,144,145,146,147,149,150,151,152,153,154,155,156,157,158,159,161,162,163,164,166,167,168,169,170,171,172,173,174,176,177,178,179,180,181,182,183,184,185,186,187,188,189,191,192,194,196,197,198,199,200,201,202,203,204,205,206,207,208,210,211,214,215,216,217,218,219,220,221,222,223,224,226,227,229,230,231,232,233,234,235,236,237,240
Results_20210911_0005_37.5_inner_2.hdf5,194,1,2,4,5,6,7,10,11,12,16,18,19,20,21,22,23,25,26,27,31,32,33,35,36,37,38,39,40,41,42,46,47,48,50,51,52,53,54,55,56,57,60,61,62,63,64,65,66,67,68,69,70,71,72,74,76,77,78,80,81,82,83,84,85,86,87,89,90,91,92,93,94,95,96,97,100,101,102,103,104,106,108,109,110,111,112,113,114,115,116,117,118,119,120,121,123,126,127,129,130,131,132,133,134,136,137,138,139,140,141,142,143,144,145,146,147,149,150,151,153,154,155,156,157,158,159,161,162,163,164,166,167,168,169,170,171,172,173,174,175,176,177,178,179,180,181,182,183,184,185,186,187,188,189,191,192,194,196,197,198,199,200,201,202,203,204,205,206,207,210,211,214,215,216,217,218,219,220,221,222,223,224,226,227,229,230,231,232,233,234,235,236,237,240
Results_20210912_0000_37.5_outer_1.hdf5,184,1,2,4,5,6,7,11,12,16,17,18,19,20,21,22,23,24,26,27,31,32,33,34,35,36,37,38,39,40,41,42,46,47,48,50,51,52,53,54,55,56,57,60,61,62,63,64,65,66,67,68,69,71,72,73,74,76,80,81,82,83,84,85,86,87,89,90,92,93,95,96,97,100,101,102,103,104,109,110,111,112,113,114,115,116,117,118,119,120,121,123,126,127,129,130,131,132,133,134,136,137,139,140,141,142,143,144,145,146,147,149,150,151,153,154,155,156,157,158,159,161,162,163,164,166,167,168,169,170,171,173,174,176,177,178,181,182,183,184,185,186,187,188,189,191,192,193,194,196,197,198,199,200,201,202,203,204,205,206,207,210,211,214,215,216,217,218,219,220,221,222,223,224,226,227,229,230,231,232,233,234,235,236,237
Results_20210914_0002_-22.5_inner_1.hdf5,201,1,4,5,6,7,9,10,11,12,16,19,20,21,22,23,24,25,26,27,31,32,33,34,35,36,37,38,39,40,41,42,46,47,48,49,50,51,52,53,54,55,56,57,60,61,62,63,64,65,66,67,68,69,70,71,72,73,74,76,77,78,80,81,82,83,84,85,86,87,88,89,90,91,92,93,94,95,96,97,100,101,102,103,104,106,108,109,110,111,112,113,114,115,116,117,118,119,120,121,123,124,126,127,129,130,131,132,133,134,136,137,138,139,140,141,142,143,144,145,146,147,149,150,151,152,153,154,155,156,157,158,159,161,162,163,164,166,167,168,169,170,171,172,173,174,175,176,177,178,179,180,181,182,183,184,185,186,187,188,189,192,193,194,196,197,198,199,200,201,202,203,204,205,206,207,208,210,211,214,215,216,217,218,219,220,221,222,223,224,226,227,229,230,231,232,233,234,235,236,237,240
Results_20210914_0003_-22.5_inner_2.hdf5,196,1,2,4,5,6,7,10,11,12,16,18,19,20,21,22,23,24,25,26,27,31,32,33,34,35,36,37,38,39,40,41,42,46,47,48,49,50,51,52,53,54,55,56,57,60,61,62,63,64,65,66,67,68,69,70,71,72,73,74,76,77,78,80,81,82,83,84,85,86,87,88,89,90,91,92,93,94,95,96,97,100,101,102,103,104,106,108,109,110,111,112,113,114,115,116,117,118,119,120,121,124,126,127,129,130,131,132,133,134,136,137,138,139,140,141,142,143,144,145,146,147,149,150,151,152,153,154,155,156,157,158,159,161,162,163,164,166,167,168,169,170,171,172,173,174,175,176,177,178,179,180,181,182,183,184,185,186,187,188,189,191,192,194,196,197,198,199,200,201,202,203,204,205,206,207,210,211,214,215,216,217,218,219,220,221,222,223,224,226,227,229,230,231,232,233,234
Results_20210914_0004_-22.5_outer_1.hdf5,187,1,2,4,5,6,7,11,16,17,18,19,20,21,22,23,27,31,32,33,34,35,36,37,38,39,40,41,42,46,47,48,49,50,51,52,53,54,55,56,57,60,61,62,63,64,65,66,67,68,69,70,71,72,73,74,76,78,80,81,82,83,84,85,86,87,88,89,90,91,92,93,94,95,96,97,100,101,102,103,104,108,109,110,111,112,113,114,115,116,117,118,119,120,121,126,127,129,130,131,132,133,134,136,137,140,141,142,143,144,145,146,147,149,150,151,153,154,155,156,157,158,159,161,162,163,164,166,167,168,169,170,171,172,173,174,176,177,178,179,181,182,183,184,185,186,187,188,189,192,194,196,197,198,199,200,201,202,203,204,205,206,207,210,211,214,215,216,217,218,219,220,221,222,223,224,226,227,229,230,231,232,233,234,235,236,237,240
Results_20210915_0003_7.5_outer_1.hdf5,198,1,4,5,6,7,10,11,12,16,19,20,21,22,23,24,26,27,31,32,33,34,35,36,37,38,39,40,41,42,46,47,48,49,50,51,52,53,54,55,56,57,60,61,62,63,64,65,66,67,68,69,70,71,72,73,74,76,77,78,80,81,82,83,84,85,86,87,88,89,90,91,92,93,94,95,96,97,100,101,102,103,104,106,108,109,110,111,112,113,114,115,116,117,118,119,120,121,123,126,127,129,130,131,132,133,134,136,137,139,140,141,142,143,144,145,146,147,149,150,151,152,153,154,155,156,157,158,159,161,162,163,164,166,167,168,169,170,171,172,173,174,175,176,177,178,179,180,181,182,183,184,185,186,187,188,189,191,192,193,194,196,197,198,199,200,201,202,203,204,205,206,207,208,210,211,214,215,216,217,218,219,220,221,222,223,224,226,227,229,230,231,232,233,234,235,236,237,240
Results_20210915_0004_7.5_inner_1.hdf5,196,1,2,4,5,6,7,10,11,12,16,18,19,20,21,22,23,24,27,31,32,33,34,35,36,37,38,39,40,41,42,46,47,48,49,50,51,52,53,54,55,56,57,60,61,62,63,64,65,66,67,68,69,70,71,72,73,74,76,77,78,80,81,82,83,84,85,86,87,88,89,90,91,92,93,94,95,96,97,100,101,102,103,104,108,109,110,111,112,113,114,115,116,117,118,119,120,121,126,127,129,130,131,132,133,134,136,137,138,139,140,141,142,143,144,145,146,147,149,150,151,152,153,154,155,156,157,158,159,161,162,163,164,166,167,168,169,170,171,172,173,174,175,176,177,178,179,180,181,182,183,184,185,186,187,188,189,191,192,194,196,197,198,199,200,201,202,203,204,205,206,207,210,211,214,215,216,217,218,219,220,221,222,223,224,226,227,229,230,231,232,233,234,235,236,237,240
Results_20210916_0000_7.5_inner_2.hdf5,186,1,2,4,5,6,7,10,11,16,18,19,20,21,22,23,26,27,31,32,33,34,35,36,37,38,39,40,41,42,46,47,48,50,51,52,53,54,55,56,57,60,61,62,63,64,65,66,67,68,69,71,72,73,74,76,77,78,80,81,82,83,84,85,86,87,89,90,91,92,93,95,96,97,100,101,102,103,104,108,109,110,111,112,113,114,115,116,117,118,119,120,121,123,126,127,129,130,131,132,133,134,136,137,138,139,140,141,142,143,144,145,146,147,149,150,151,153,154,155,156,157,158,159,161,162,164,166,167,168,169,170,171,172,173,176,177,178,179,181,182,183,184,185,186,187,188,189,191,192,194,196,197,198,199,200,201,202,203,204,205,206,207,210,211,214,215,216,217,218,219,220,221,222,223,224,226,227,229,230,231,232,233,234,235,236,237
Results_20210916_0004_30_outer_1.hdf5,195,1,4,5,6,7,10,11,12,16,19,20,21,22,23,24,25,26,27,31,32,33,34,35,36,37,38,39,40,41,42,46,47,48,49,50,51,52,53,54,55,56,57,60,61,62,63,64,65,66,67,68,69,70,71,72,73,74,76,77,78,80,81,82,83,84,85,86,87,88,89,90,91,92,93,94,95,96,97,100,101,102,103,104,106,108,109,110,111,112,113,114,115,116,117,118,119,120,121,126,127,129,130,131,132,133,134,136,137,138,139,140,141,142,143,144,145,146,147,149,150,151,152,153,154,155,156,157,158,159,161,162,163,164,166,167,168,169,170,171,172,173,175,176,177,178,179,180,181,182,183,184,185,186,187,188,189,191,192,194,196,197,198,199,200,202,203,204,205,206,207,210,211,214,215,216,217,218,219,220,221,222,223,224,226,227,229,230,231,232,233,234,235,236,237,240
Results_20210916_0005_30_inner_1.hdf5,191,1,2,4,5,6,7,11,16,18,19,20,21,22,23,24,27,31,32,33,34,35,36,37,38,39,40,41,42,46,47,48,49,50,51,52,53,54,55,56,57,60,61,62,63,64,65,66,67,68,69,70,71,72,73,74,76,78,80,81,82,83,84,85,86,87,88,89,90,91,92,93,94,95,96,97,100,101,102,103,104,106,108,109,110,111,112,113,114,115,116,117,118,119,120,121,124,126,127,129,130,131,132,133,134,136,137,138,139,140,141,142,144,145,146,147,149,150,151,153,154,155,156,157,158,159,161,162,164,166,167,168,169,170,171,172,173,175,176,177,178,179,180,181,182,183,184,185,186,187,188,189,191,192,194,196,197,198,199,200,201,202,203,204,205,206,207,210,211,214,215,216,217,218,219,220,221,222,223,224,226,227,229,230,231,232,233,234,235,236,237,240
Results_20210917_0000_30_inner_2.hdf5,181,1,2,4,5,6,7,11,12,16,17,18,19,20,21,22,23,26,27,31,32,33,35,36,37,38,39,40,41,42,46,47,48,50,51,52,53,54,55,56,57,60,61,62,63,64,66,67,68,69,71,72,73,74,76,78,80,81,82,83,84,85,86,87,89,90,91,92,93,95,96,97,100,101,102,103,104,106,108,109,110,111,112,113,114,115,116,117,118,119,120,121,123,127,129,130,131,132,133,134,136,137,138,140,141,142,143,144,145,146,147,149,150,151,153,154,155,156,157,158,159,161,162,164,166,167,168,169,170,171,173,176,177,178,181,182,183,184,185,186,187,188,189,191,192,194,196,197,198,199,200,201,202,203,204,205,206,207,210,211,214,215,216,217,218,219,220,221,222,223,224,226,227,229,230,231,232,233,234,235,236,237
Results_20210917_0001_30_inner_3.hdf5,167,1,2,4,5,6,7,11,12,16,17,18,19,20,21,22,23,26,27,31,32,33,34,35,36,37,38,39,40,41,42,46,47,48,49,50,51,52,53,54,55,56,57,60,61,62,63,64,65,66,67,68,69,71,72,76,80,81,82,83,84,85,86,87,89,90,92,93,95,96,97,100,101,102,103,104,108,109,110,111,112,113,114,115,116,117,118,119,120,121,123,126,127,129,130,131,132,134,136,137,138,140,141,142,143,144,145,146,147,149,150,151,154,155,156,157,158,159,161,162,167,168,169,170,176,177,178,181,182,183,184,185,186,187,188,189,191,192,196,197,198,199,200,201,202,203,204,205,206,207,210,211,214,216,218,221,223,224,226,227,229,231,232,233,234,235,236,237
Results_20210920_0003_-30_outer_1.hdf5,200,1,4,5,6,7,10,11,12,16,19,20,21,22,23,24,25,26,27,31,32,33,34,35,36,37,38,39,40,41,42,46,47,48,49,50,51,52,53,54,55,56,57,60,61,62,63,64,65,66,67,68,69,70,71,72,73,74,76,77,78,80,81,82,83,84,85,86,87,88,89,90,91,92,93,94,95,96,97,100,101,102,103,104,106,108,109,110,111,112,113,114,115,116,117,118,119,120,121,123,124,126,127,129,130,131,132,133,134,136,137,138,139,140,141,142,143,144,145,146,147,149,150,151,152,153,154,155,156,157,158,159,161,162,163,164,166,167,168,169,170,171,172,173,174,175,176,177,178,179,180,181,182,183,184,185,186,187,188,189,191,192,193,194,196,197,198,199,200,201,202,203,204,205,206,207,210,211,214,215,216,217,218,219,220,221,222,223,224,226,227,229,230,231,232,233,234,235,236,237,240
Results_20210920_0004_-30_inner_1.hdf5,196,1,2,4,5,6,7,10,11,16,18,19,20,21,22,23,24,26,27,31,32,33,34,35,36,37,38,39,40,41,42,46,47,48,49,50,51,52,53,54,55,56,57,60,61,62,63,64,65,66,67,68,69,70,71,72,74,76,78,80,81,82,83,84,85,86,87,88,89,90,91,92,93,94,95,96,97,100,101,102,103,104,106,108,109,110,111,112,113,114,115,116,117,118,119,120,121,123,124,126,127,129,130,131,132,133,134,136,137,138,139,140,141,142,143,144,145,146,147,149,150,151,153,154,155,156,157,158,159,161,162,163,164,166,167,168,169,170,171,172,173,174,175,176,177,178,179,180,181,182,183,184,185,186,187,188,189,191,192,194,196,197,198,199,200,201,202,203,204,205,206,207,210,211,214,215,216,217,218,219,220,221,222,223,224,226,227,229,230,231,232,233,234,235,236,237,240
Results_20210921_0000_-30_inner_2.hdf5,191,1,2,5,6,7,10,11,12,16,17,18,19,20,21,22,23,25,26,27,31,32,33,34,35,36,37,38,39,40,41,42,46,47,48,49,50,51,52,53,54,55,56,57,60,61,62,63,64,65,66,67,68,69,70,71,72,73,74,76,78,80,81,82,83,84,85,86,87,88,89,90,92,93,95,96,97,100,101,102,103,104,108,109,110,111,112,113,114,115,117,118,119,120,121,123,126,127,129,130,131,132,133,134,136,137,138,139,140,141,142,143,144,145,146,147,149,150,151,152,153,154,155,156,157,158,159,161,162,163,164,166,167,168,169,170,171,172,173,175,176,177,178,179,181,182,183,184,185,186,187,188,189,191,192,194,196,197,198,199,200,201,202,203,204,205,206,207,210,211,214,215,216,217,218,219,220,221,222,223,224,226,227,229,230,231,232,233,234,235,236,237
Results_20210921_0004_-7.5_outer_1.hdf5,197,1,4,5,6,7,10,11,12,16,18,19,20,21,22,23,26,27,31,32,33,34,35,36,37,38,39,40,41,42,46,47,48,49,50,51,52,53,54,55,56,57,60,61,62,63,64,65,66,67,68,69,70,71,72,73,74,76,77,78,80,81,82,83,84,85,86,87,88,89,90,91,92,93,94,95,96,97,100,101,102,103,104,106,108,109,110,111,112,113,114,115,116,117,118,119,120,121,123,124,126,127,129,130,131,132,133,134,136,137,139,140,141,142,143,144,145,146,147,149,150,151,152,153,154,155,156,157,158,159,161,162,163,164,166,167,168,169,170,171,172,173,174,175,176,177,178,179,180,181,182,183,184,185,186,187,188,189,191,192,194,196,197,198,199,200,201,202,203,204,205,206,207,210,211,214,215,216,217,218,219,220,221,222,223,224,226,227,229,230,231,232,233,234,235,236,237,240
Results_20210921_0005_-7.5_inner_1.hdf5,195,1,2,4,5,6,7,10,11,12,16,18,19,20,21,22,23,26,27,31,32,33,34,35,36,37,38,39,40,41,42,46,47,48,49,50,51,52,53,54,55,56,57,60,61,62,63,64,65,66,67,68,69,70,71,72,73,74,76,77,78,80,81,82,83,84,85,86,87,88,89,90,91,92,93,94,95,96,97,100,101,102,103,104,106,108,109,110,111,112,113,114,115,116,117,118,119,120,121,126,127,129,130,131,132,133,134,136,137,139,140,141,142,143,144,145,146,147,149,150,151,152,153,154,155,156,157,158,159,161,162,163,164,166,167,168,169,170,171,172,173,174,175,176,177,178,179,181,182,183,184,185,186,187,188,189,191,192,194,196,197,198,199,200,201,202,203,204,205,206,207,210,211,214,215,216,217,218,219,220,221,222,223,224,226,227,229,230,231,232,233,234,235,236,237,240
Results_20210922_0000_-7.5_inner_2.hdf5,179,1,2,4,5,6,7,11,12,16,17,18,19,20,21,22,23,26,27,31,32,33,34,35,36,37,38,39,40,41,42,47,48,49,50,51,52,53,54,55,56,57,60,61,62,63,64,65,66,67,68,69,70,71,72,76,80,81,82,83,84,85,86,87,89,90,91,92,93,94,95,96,97,100,101,102,103,104,108,109,110,111,112,113,114,115,116,117,118,119,120,121,123,126,127,129,130,131,132,133,134,136,137,139,140,141,142,143,144,145,146,147,149,150,151,154,155,156,157,158,159,162,164,166,167,168,169,170,173,177,178,179,181,182,183,184,185,186,187,188,189,191,192,194,196,197,198,199,200,201,202,203,204,205,206,207,210,211,214,215,216,217,218,219,220,221,222,223,224,226,227,229,230,231,232,233,234,235,236,237
Results_20210922_0001_-7.5_inner_3.hdf5,170,1,2,4,5,6,7,12,16,17,18,19,20,21,22,23,27,31,32,33,34,35,36,37,38,39,40,41,42,46,47,48,50,51,52,53,54,55,56,60,61,62,63,65,66,67,68,69,70,71,72,73,80,81,82,83,84,85,86,87,89,90,93,95,96,97,100,101,102,103,104,109,110,111,112,113,114,115,116,117,118,119,120,121,123,126,127,129,130,131,132,133,134,136,137,139,140,141,142,143,144,145,146,147,149,150,151,153,154,155,156,157,158,162,164,166,167,169,170,173,175,177,178,179,181,182,183,184,185,186,187,188,189,191,192,194,196,197,198,199,200,201,202,203,204,205,206,207,210,211,214,215,217,218,219,220,221,222,223,224,226,227,229,230,231,232,233,234,235,236,237
Results_20210922_0004_22.5_outer_1.hdf5,198,1,4,5,6,7,10,11,12,16,19,20,21,22,23,24,25,26,27,31,32,33,34,35,36,37,38,39,40,41,42,46,47,48,49,50,51,52,53,54,55,56,57,60,61,62,63,64,65,66,67,68,69,70,71,72,73,74,76,77,78,80,81,82,83,84,85,86,87,88,89,90,91,92,93,94,95,96,97,100,101,102,103,104,106,108,109,110,111,112,113,114,115,116,117,118,119,120,121,123,126,127,129,130,131,132,133,134,136,137,138,139,140,141,142,143,144,145,146,147,149,150,151,152,153,154,155,156,157,158,159,161,162,163,164,166,167,168,169,170,171,172,173,174,175,176,177,178,179,180,181,182,183,184,185,186,187,188,189,191,192,194,196,197,198,199,200,201,202,203,204,205,206,207,210,211,214,215,216,217,218,219,220,221,222,223,224,226,227,229,230,231,232,233,234,235,236,237,240
Results_20210922_0005_22.5_inner_1.hdf5,195,1,2,4,5,6,7,10,11,16,18,19,20,21,22,23,26,27,31,32,33,34,35,36,37,38,39,40,41,42,46,47,48,49,50,51,52,53,54,55,56,57,60,61,62,63,64,65,66,67,68,69,70,71,72,73,74,76,77,78,80,81,82,83,84,85,86,87,88,89,90,91,92,93,94,95,96,97,100,101,102,103,104,106,108,109,110,111,112,113,114,115,116,117,118,119,120,121,126,127,129,130,131,132,133,134,136,137,138,139,140,141,142,143,144,145,146,147,149,150,151,153,154,155,156,157,158,159,161,162,163,164,166,167,168,169,170,171,172,173,174,175,176,177,178,179,180,181,182,183,184,185,186,187,188,189,191,192,194,196,197,198,199,200,201,202,203,204,205,206,207,210,211,214,215,216,217,218,219,220,221,222,223,224,226,227,229,230,231,232,233,234,235,236,237,240
Results_20210923_0000_22.5_inner_2.hdf5,185,1,2,4,5,6,7,11,12,16,18,19,20,21,22,23,26,27,31,32,33,34,35,36,37,38,39,40,41,42,46,47,48,49,50,51,52,53,54,55,56,57,60,61,62,63,64,65,66,67,68,69,70,71,72,74,76,78,80,81,82,83,84,85,86,87,88,89,90,91,92,93,95,96,97,100,101,102,103,104,108,109,110,111,112,113,114,115,116,117,118,119,120,121,123,126,127,129,130,132,133,134,136,137,138,139,140,141,142,143,144,145,146,147,149,150,151,153,154,155,157,158,159,161,162,164,166,167,168,169,170,171,172,173,174,176,177,178,181,182,183,184,185,186,187,188,189,191,192,194,196,197,198,199,200,201,202,203,204,205,206,207,210,211,214,215,216,217,218,219,220,221,222,223,224,226,227,229,230,231,232,233,234,235,236,237
Results_20210923_0004_-37.5_outer_1.hdf5,196,1,4,5,6,7,10,11,12,16,19,20,21,22,23,24,25,26,27,31,32,33,34,35,36,37,38,39,40,41,42,46,47,48,49,50,51,52,53,54,55,56,57,60,61,62,63,64,65,66,67,68,69,70,71,72,73,74,76,77,78,80,81,82,83,84,85,86,87,88,89,90,91,92,93,94,95,96,97,100,101,102,103,104,106,108,109,110,111,112,113,114,115,116,117,118,119,120,121,126,127,129,130,131,132,133,134,136,137,138,139,140,141,142,143,144,145,146,147,149,150,151,152,153,154,155,156,157,158,159,161,162,163,164,166,167,168,169,170,171,172,173,175,176,177,178,179,180,181,182,183,184,185,186,187,188,189,191,192,194,196,197,198,199,200,201,202,203,204,205,206,207,210,211,214,215,216,217,218,219,220,221,222,223,224,226,227,229,230,231,232,233,234,235,236,237,240
Results_20210923_0005_-37.5_inner_1.hdf5,194,1,2,4,5,6,7,10,11,12,16,18,19,20,21,22,23,26,27,31,32,33,34,35,36,37,38,39,40,41,42,46,47,48,50,51,52,53,54,55,56,57,60,61,62,63,64,65,66,67,68,69,70,71,72,73,74,76,77,78,80,81,82,83,84,85,86,87,88,89,90,92,93,94,95,96,97,100,101,102,103,104,108,109,110,111,112,113,114,115,116,117,118,119,120,121,123,126,127,129,130,131,132,133,134,136,137,138,139,140,141,142,143,144,145,146,147,149,150,151,153,154,155,156,157,158,159,161,162,163,164,166,167,168,169,170,171,172,173,174,175,176,177,178,179,180,181,182,183,184,185,186,187,188,189,191,192,194,196,197,198,199,200,201,202,203,204,205,206,207,210,211,214,215,216,217,218,219,220,221,222,223,224,226,227,229,230,231,232,233,234,235,236,237,240
Results_20210924_0000_-37.5_inner_2.hdf5,182,1,2,4,5,6,7,11,16,17,18,19,20,21,22,23,27,31,32,33,34,35,36,37,38,39,40,41,42,46,47,48,50,51,52,53,54,55,56,57,60,61,62,63,64,65,66,67,68,69,71,72,73,74,76,77,78,80,81,82,83,84,85,86,87,89,90,92,93,95,96,97,100,101,102,103,104,108,109,110,111,112,113,114,115,116,117,118,119,120,121,123,126,127,129,130,131,132,133,134,136,137,138,139,140,141,142,143,144,145,146,147,149,150,151,153,154,155,156,157,158,159,162,163,164,166,167,168,169,170,172,173,175,176,177,178,179,181,182,183,184,185,186,187,188,189,191,192,194,196,197,198,199,200,201,202,203,204,205,206,207,210,214,215,216,217,218,219,221,222,223,224,226,227,229,230,231,232,233,234,235,236,237
Results_20210924_0004_-30_outer_1.hdf5,197,1,4,5,6,7,10,11,12,16,19,20,21,22,23,24,25,26,27,31,32,33,34,35,36,37,38,39,40,41,42,46,47,48,49,50,51,52,53,54,55,56,57,60,61,62,63,64,65,66,67,68,69,70,71,72,73,74,76,77,78,80,81,83,84,85,86,87,88,89,90,91,92,93,94,95,96,97,100,101,102,103,104,106,108,109,110,111,112,113,114,115,116,117,118,119,120,121,124,126,127,129,130,131,132,133,134,136,137,138,139,140,141,142,143,144,145,146,147,149,150,151,152,153,154,155,156,157,158,159,161,162,163,164,166,167,168,169,170,171,172,173,175,176,177,178,179,180,181,182,183,184,185,186,187,188,189,191,192,194,196,197,198,199,200,201,202,203,204,205,206,207,208,210,211,214,215,216,217,218,219,220,221,222,223,224,226,227,229,230,231,232,233,234,235,236,237,240
Results_20210924_0005_-30_inner_1.hdf5,198,1,2,4,5,6,7,10,11,12,16,18,19,20,21,22,23,25,26,27,31,32,33,34,35,36,37,38,39,40,41,42,46,47,48,49,50,51,52,53,54,55,56,57,60,61,62,63,64,65,66,67,68,69,70,71,72,73,74,76,77,78,80,81,82,83,84,85,86,87,88,89,90,91,92,93,94,95,96,97,100,101,102,103,104,106,108,109,110,111,112,113,114,115,116,117,118,119,120,121,124,126,127,129,130,131,132,133,134,136,137,138,139,140,141,142,143,144,145,146,147,149,150,151,153,154,155,156,157,158,159,161,162,163,164,166,167,168,169,170,171,172,173,174,175,176,177,178,179,180,181,182,183,184,185,186,187,188,189,191,192,194,196,197,198,199,200,201,202,203,204,205,206,207,210,211,214,215,216,217,218,219,220,221,222,223,224,226,227,229,230,231,232,233,234,235,236,237,240
Results_20210925_0000_-30_inner_2.hdf5,186,1,2,4,5,6,7,11,12,16,17,18,19,20,21,22,23,27,31,32,33,34,35,36,37,38,39,40,41,42,46,47,48,49,50,51,52,53,54,55,56,57,60,61,62,63,64,65,66,67,68,69,71,72,73,76,78,80,81,82,83,84,85,86,87,89,90,92,93,94,95,96,97,100,101,102,103,104,108,109,110,111,112,113,114,115,116,117,118,119,120,121,123,124,126,127,129,130,131,132,133,134,136,137,138,139,140,141,142,143,144,145,146,147,149,150,151,152,153,154,155,156,157,158,159,162,164,166,167,168,169,170,172,173,175,176,177,178,179,181,182,183,184,185,186,187,188,189,191,192,194,196,197,198,199,200,201,202,203,204,205,206,207,210,211,214,215,216,217,218,219,220,221,222,223,224,226,227,229,230,231,232,233,234,235,236,237
Results_20210925_0001_-30_inner_3.hdf5,175,1,2,4,5,6,7,11,12,16,17,18,19,20,21,22,23,27,31,32,33,34,35,36,37,38,39,40,41,42,46,47,48,50,51,52,53,54,55,56,57,60,61,62,63,64,65,66,67,68,69,71,72,73,76,80,81,82,83,84,85,86,87,89,90,93,95,96,97,100,101,102,103,104,108,109,110,111,112,113,114,115,116,117,118,119,120,121,123,127,129,130,131,132,133,134,136,137,138,140,141,142,143,144,145,146,147,149,150,151,153,154,155,157,158,159,162,164,166,167,168,169,170,173,175,176,177,178,181,182,183,184,185,186,187,188,189,191,192,194,196,197,198,199,200,201,202,203,204,205,206,207,210,211,214,215,216,217,218,219,220,221,222,223,224,226,227,229,230,231,232,233,234,235,236,237
Results_20210927_0002_45_outer_1.hdf5,200,1,4,5,6,7,10,11,12,16,19,20,21,22,23,24,25,26,27,31,32,33,34,35,36,37,38,39,40,41,42,46,47,48,49,50,51,52,53,54,55,56,57,59,60,61,62,63,64,65,66,67,68,69,70,71,72,73,74,76,77,78,80,81,82,83,84,85,86,87,88,89,90,91,92,93,94,95,96,97,100,101,102,103,104,106,108,109,110,111,112,113,114,115,116,117,118,119,120,121,123,124,126,127,129,130,131,132,133,134,136,137,138,139,140,141,142,143,144,145,146,147,149,150,151,152,153,154,155,156,157,158,159,161,162,163,164,166,167,168,169,170,171,172,173,174,175,176,177,178,179,180,181,182,183,184,185,186,187,188,189,191,192,194,196,197,198,199,200,201,202,203,204,205,206,207,210,211,214,215,216,217,218,219,220,221,222,223,224,226,227,229,230,231,232,233,234,235,236,237,240
Results_20210927_0003_45_inner_1.hdf5,192,1,2,4,5,6,7,10,12,16,19,20,21,22,23,26,27,31,32,33,34,35,36,37,38,39,40,41,42,46,47,48,50,51,52,53,54,55,56,57,60,61,62,63,64,65,66,67,68,69,70,71,72,73,74,76,77,78,80,81,82,83,84,85,86,87,88,89,90,91,92,93,94,95,96,97,100,101,102,103,104,108,109,110,111,112,113,114,115,116,117,118,119,120,121,124,126,127,129,130,131,132,133,134,136,137,139,140,141,142,143,144,145,146,147,149,150,151,153,154,155,156,157,158,159,161,162,163,164,166,167,168,169,170,171,172,173,174,175,176,177,178,179,180,181,182,183,184,185,186,187,188,189,191,192,194,196,197,198,199,200,201,202,203,204,205,206,207,210,211,214,215,216,217,218,219,220,221,222,223,224,226,227,229,230,231,232,233,234,235,236,237,240
Results_20210928_0000_45_inner_2.hdf5,185,1,2,4,5,6,7,10,11,16,18,19,20,21,22,23,27,31,32,33,34,35,36,37,38,39,40,41,42,46,47,48,49,50,51,52,53,54,55,56,57,60,61,62,63,64,65,66,67,68,69,71,72,76,78,80,81,82,83,84,85,86,87,89,90,91,92,93,94,95,96,97,100,101,102,103,104,109,110,111,112,113,114,115,116,117,118,119,120,121,123,124,126,127,129,130,131,132,133,134,136,137,138,139,140,141,142,143,144,145,146,147,149,150,151,153,154,155,156,157,158,159,161,162,164,166,167,168,169,170,172,173,174,175,176,177,178,179,181,182,183,184,185,186,187,188,189,191,192,194,196,197,198,199,200,201,202,203,204,205,206,207,210,211,214,215,216,217,218,219,220,221,222,223,224,226,227,229,230,231,232,233,234,235,236,237
Results_20210928_0001_45_inner_3.hdf5,172,1,2,4,5,6,7,11,12,16,18,19,20,21,22,23,27,31,32,33,35,36,37,38,39,40,41,42,46,47,48,50,51,52,53,54,55,56,57,60,61,62,63,64,65,66,67,68,69,71,72,76,80,81,82,83,85,86,87,89,90,92,93,95,96,97,100,101,102,103,104,109,110,111,112,113,114,115,116,117,118,119,120,121,123,126,127,129,130,131,132,133,134,136,137,138,140,141,142,143,144,145,146,147,149,150,151,153,154,155,156,157,158,159,162,164,166,167,168,170,173,175,177,178,179,181,182,183,184,185,186,187,188,189,191,192,194,196,197,198,199,200,201,202,203,204,205,206,207,210,211,214,215,216,217,218,219,220,221,222,223,224,226,227,229,230,231,232,233,234,235,236,237
Results_20210928_0004_0_outer_1.hdf5,197,1,4,5,6,7,10,11,12,16,19,20,21,22,23,24,25,26,27,31,32,33,34,35,36,37,38,39,40,41,42,46,47,48,49,50,51,52,53,54,55,56,57,60,61,62,63,64,65,66,67,68,69,70,71,72,73,74,76,77,78,80,81,82,83,84,85,86,87,88,89,90,91,92,93,94,95,96,97,100,101,102,103,104,106,108,109,110,111,112,113,114,115,116,117,118,119,120,121,126,127,129,130,131,132,133,134,136,137,138,139,140,141,142,143,144,145,146,147,149,150,151,152,153,154,155,156,157,158,159,161,162,163,164,166,167,168,169,170,171,172,173,174,175,176,177,178,179,180,181,182,183,184,185,186,187,188,189,191,192,194,196,197,198,199,200,201,202,203,204,205,206,207,210,211,214,215,216,217,218,219,220,221,222,223,224,226,227,229,230,231,232,233,234,235,236,237,240
Results_20210928_0005_0_inner_1.hdf5,196,1,2,4,5,6,7,10,11,12,16,18,19,20,21,22,23,26,27,31,32,33,34,35,36,37,38,39,40,41,42,46,47,48,49,50,51,52,53,54,55,56,57,60,61,62,63,64,65,66,67,68,69,70,71,72,73,74,76,77,78,80,81,82,83,84,85,86,87,88,89,90,91,92,93,94,95,96,97,100,101,102,103,104,106,108,109,110,111,112,113,114,115,116,117,118,119,120,121,123,126,127,129,130,131,132,133,134,136,137,138,139,140,141,142,143,144,145,146,147,149,150,151,153,154,155,156,157,158,159,161,162,163,164,166,167,168,169,170,171,172,173,174,175,176,177,178,179,180,181,182,183,184,185,186,187,188,189,191,192,194,196,197,198,199,200,201,202,203,204,205,206,207,210,211,214,215,216,217,218,219,220,221,222,223,224,227,229,230,231,232,233,234,235,236,237,240
Results_20210929_0000_0_inner_2.hdf5,179,1,2,4,5,6,7,10,11,12,16,18,19,20,21,22,23,27,31,32,33,34,35,36,37,38,39,40,41,42,46,47,48,50,51,52,53,54,55,56,57,60,61,62,63,65,66,67,68,69,70,71,72,74,76,80,81,82,83,84,85,86,87,89,90,91,92,93,95,96,97,100,101,102,103,104,108,109,110,111,112,113,114,115,117,118,119,120,121,123,126,127,129,130,131,132,133,134,136,137,138,139,140,141,142,143,144,145,146,147,149,150,151,153,154,155,156,157,158,161,162,164,166,167,168,169,170,173,175,176,177,178,179,181,182,183,184,185,186,187,188,189,191,192,194,196,197,198,199,200,201,202,203,204,205,206,207,210,211,214,215,216,217,218,219,220,221,222,223,224,227,229,230,231,232,233,234,235,236,237
Results_20210929_0001_0_inner_3.hdf5,171,1,4,5,6,7,11,16,17,18,19,20,21,22,23,26,27,31,32,33,34,35,36,37,38,39,40,41,42,46,47,48,50,51,52,53,54,55,56,57,60,61,62,63,65,66,67,68,69,70,71,72,73,76,80,81,82,83,84,85,86,87,89,90,91,92,93,94,95,96,97,100,101,102,104,108,110,111,112,113,114,115,116,117,118,119,120,121,123,126,127,129,130,131,132,133,134,136,137,138,139,140,141,142,143,144,145,146,147,149,150,151,153,154,155,156,157,158,162,164,166,167,168,173,175,177,178,181,182,183,184,185,186,187,188,189,191,192,196,197,198,199,200,201,202,203,204,205,206,207,210,211,214,215,216,217,218,219,221,222,223,224,227,229,230,231,232,233,234,235,236,237
Results_20210929_0005_-7.5_outer_1.hdf5,196,1,4,5,6,7,10,11,12,16,19,20,21,22,23,24,26,27,31,32,33,34,35,36,37,38,39,40,41,42,46,47,49,50,51,52,53,54,55,56,57,60,61,62,63,64,65,66,67,68,69,70,71,72,73,74,76,77,78,80,81,82,83,84,85,86,87,88,89,90,91,92,93,94,95,96,97,100,101,102,103,104,106,108,109,110,111,112,113,114,115,116,117,118,119,120,121,123,126,127,129,130,131,132,133,134,136,137,138,139,140,141,142,143,144,145,146,147,149,150,151,152,153,154,155,156,157,158,159,161,162,163,164,166,167,168,169,170,171,172,173,174,175,176,177,178,179,180,181,182,183,184,185,186,187,188,189,191,192,194,196,197,198,199,200,201,202,203,204,205,206,207,210,211,214,215,216,217,218,219,220,221,222,223,224,226,227,229,230,231,232,233,234,235,236,237,240
Results_20210929_0006_-7.5_inner_1.hdf5,194,1,2,4,5,6,7,10,11,12,16,19,20,21,22,23,24,26,27,31,32,33,34,35,36,37,38,39,40,41,42,46,47,48,49,50,51,52,53,54,55,56,57,60,61,62,63,64,65,66,67,68,69,70,71,72,73,74,76,77,78,80,81,82,83,84,85,86,87,89,90,91,92,93,94,95,96,97,100,101,102,103,104,106,108,109,110,111,112,113,114,115,117,118,119,120,121,124,126,127,129,130,131,132,133,134,136,137,139,140,141,142,143,144,145,146,147,149,150,151,153,154,155,156,157,158,159,161,162,163,164,166,167,168,169,170,171,172,173,174,175,176,177,178,179,180,181,182,183,184,185,186,187,188,189,191,192,194,196,197,198,199,200,201,202,203,204,205,206,207,210,211,214,215,216,217,218,219,220,221,222,223,224,226,227,229,230,231,232,233,234,235,236,237,240
Results_20210930_0000_-7.5_inner_2.hdf5,186,1,2,4,5,6,7,11,12,16,18,19,20,21,22,23,26,27,31,32,33,34,35,36,37,38,39,40,41,42,46,47,48,49,50,51,52,53,54,55,56,57,60,61,62,63,64,65,66,67,68,69,71,72,73,76,78,80,81,82,83,84,85,86,87,88,89,90,92,93,94,95,96,97,100,101,102,103,104,106,108,109,110,111,112,113,114,115,117,118,119,120,121,123,124,126,127,129,130,131,132,133,134,136,137,138,140,141,142,143,144,145,146,147,149,150,151,153,154,155,156,157,158,159,161,162,164,166,167,168,169,170,171,173,176,177,178,179,181,182,183,184,185,186,187,188,189,191,192,194,196,197,198,199,200,201,202,203,204,205,206,207,210,211,214,215,216,217,218,219,220,221,222,223,224,226,227,229,230,231,232,233,234,235,236,237,240
Results_20210930_0001_-7.5_inner_3.hdf5,179,1,4,5,6,7,11,12,16,17,18,19,20,21,22,23,27,31,32,33,34,35,36,37,38,39,40,41,42,46,47,48,50,51,52,53,54,55,56,57,60,61,62,63,64,65,66,67,68,69,71,72,73,76,78,80,81,82,83,84,85,86,87,89,90,92,93,95,96,97,100,101,102,103,104,108,109,110,111,112,113,114,115,116,117,118,119,120,121,123,124,126,127,129,130,131,132,133,134,136,137,138,139,140,141,142,143,144,145,146,147,149,150,151,153,154,155,156,157,158,159,162,164,166,167,168,169,170,173,175,176,177,178,179,181,182,183,184,185,186,187,188,189,191,192,196,197,198,199,200,201,202,203,204,205,206,207,210,211,214,215,216,217,218,220,221,222,223,224,226,227,229,230,231,232,233,234,235,236,237
Results_20210930_0007_7.5_outer_1.hdf5,198,1,4,5,6,7,10,11,12,16,19,20,21,22,23,24,26,27,31,32,33,34,35,36,37,38,39,40,41,42,46,47,48,49,50,51,52,53,54,55,56,57,60,61,62,63,64,65,66,67,68,69,70,71,72,73,74,76,77,78,80,81,82,83,84,85,86,87,88,89,90,91,92,93,94,95,96,97,100,101,102,103,104,106,108,109,110,111,112,113,114,115,116,117,118,119,120,121,123,124,126,127,129,130,131,132,133,134,136,137,138,139,140,141,142,143,144,145,146,147,149,150,151,152,153,154,155,156,157,158,159,161,162,163,164,166,167,168,169,170,171,172,173,174,175,176,177,178,179,180,181,182,183,184,185,186,187,188,189,191,192,194,196,197,198,199,200,201,202,203,204,205,206,207,210,211,214,215,216,217,218,219,220,221,222,223,224,226,227,229,230,231,232,233,234,235,236,237,240
Results_20210930_0008_7.5_inner_1.hdf5,199,1,2,4,5,6,7,10,11,12,16,18,19,20,21,22,23,26,27,31,32,33,34,35,36,37,38,39,40,41,42,46,47,48,49,50,51,52,53,54,55,56,57,60,61,62,63,64,65,66,67,68,69,70,71,72,73,74,76,77,78,80,81,82,83,84,85,86,87,88,89,90,91,92,93,94,95,96,97,100,101,102,103,104,106,108,109,110,111,112,113,114,115,116,117,118,119,120,121,123,124,126,127,129,130,131,132,133,134,136,137,138,139,140,141,142,143,144,145,146,147,149,150,151,152,153,154,155,156,157,158,159,161,162,163,164,166,167,168,169,170,171,172,173,174,175,176,177,178,179,180,181,182,183,184,185,186,187,188,189,191,192,194,196,197,198,199,200,201,202,203,204,205,206,207,210,211,214,215,216,217,218,219,220,221,222,223,224,226,227,229,230,231,232,233,234,235,236,237,240
Results_20211001_0000_7.5_inner_2.hdf5,191,1,2,4,5,6,7,11,12,16,17,18,19,20,21,22,23,26,27,31,32,33,34,35,36,37,38,39,40,41,42,46,47,48,50,51,52,53,54,55,56,57,60,61,62,63,64,65,66,67,68,69,70,71,72,74,76,77,78,80,81,82,83,84,85,86,87,88,89,90,91,92,93,94,95,96,97,100,101,102,103,104,106,108,109,110,111,112,113,114,115,117,118,119,120,121,123,124,126,127,129,130,131,132,133,134,136,137,138,139,140,141,142,143,144,145,146,147,149,150,151,153,154,155,156,157,158,159,161,162,164,166,167,168,169,170,171,172,173,174,175,176,177,178,181,182,183,184,185,186,187,188,189,191,192,194,196,197,198,199,200,201,202,203,204,205,206,207,210,211,214,215,216,217,218,219,220,221,222,223,224,226,227,229,230,231,232,233,234,235,236,237
Results_20211001_0001_7.5_inner_3.hdf5,182,1,4,5,6,7,11,12,16,17,18,19,20,21,22,23,27,31,32,33,34,35,36,37,38,39,40,41,42,46,47,48,49,50,51,52,53,54,55,56,57,60,61,62,63,64,65,66,67,68,69,71,72,73,76,80,81,82,83,84,85,86,87,88,89,90,91,92,93,94,95,96,97,100,101,102,103,104,108,109,110,111,112,113,114,115,116,117,118,119,120,121,123,126,127,129,130,131,132,133,134,136,137,138,139,140,141,142,143,144,145,146,147,149,150,151,153,154,155,156,157,158,159,161,162,164,166,167,168,169,170,173,176,177,178,181,182,183,184,185,186,187,188,189,191,192,194,196,197,198,199,200,201,202,203,204,205,206,207,210,211,214,215,216,217,218,219,220,221,222,223,224,226,227,229,230,231,232,233,234,235,236,237
Results_20211001_0004_-45_outer_1.hdf5,197,1,4,5,6,7,10,11,12,16,19,20,21,22,23,24,25,26,27,31,32,33,34,35,36,37,38,39,40,41,42,46,47,48,49,50,51,52,53,54,55,56,57,60,61,62,63,64,65,66,67,68,69,70,71,72,73,74,76,77,78,80,81,82,83,84,85,86,87,88,89,90,91,92,93,94,95,96,97,100,101,102,103,104,106,108,109,110,111,112,113,114,115,116,117,118,119,120,121,126,127,129,130,131,132,133,134,136,137,138,139,140,141,142,143,144,145,146,147,149,150,151,152,153,154,155,156,157,158,159,161,162,163,164,166,167,168,169,170,171,172,173,175,176,177,178,179,180,181,182,183,184,185,186,187,188,189,191,192,194,196,197,198,199,200,201,202,203,204,205,206,207,208,210,211,214,215,216,217,218,219,220,221,222,223,224,226,227,229,230,231,232,233,234,235,236,237,240
Results_20211001_0005_-45_inner_1.hdf5,196,1,2,4,5,6,7,10,11,12,16,19,20,21,22,23,26,27,31,32,33,34,35,36,37,38,39,40,41,42,46,47,48,49,50,51,52,53,54,55,56,57,60,61,62,63,64,65,66,67,68,69,70,71,72,73,74,76,77,78,80,81,82,83,84,85,86,87,88,89,90,91,92,93,94,95,96,97,100,101,102,103,104,106,108,109,110,111,112,113,114,115,116,117,118,119,120,121,126,127,129,130,131,132,133,134,136,137,138,139,140,141,142,143,144,145,146,147,149,150,151,152,153,154,155,156,157,158,159,161,162,163,164,166,167,168,169,170,171,172,173,174,175,176,177,178,179,180,181,182,183,184,185,186,187,188,189,191,192,194,196,197,198,199,200,201,202,203,204,205,206,207,210,211,214,215,216,217,218,219,220,221,222,223,224,226,227,229,230,231,232,233,234,235,236,237,240
Results_20211002_0000_-45_inner_2.hdf5,188,1,2,4,5,6,7,11,12,16,18,19,20,21,22,23,25,27,31,32,33,34,35,36,37,38,39,40,41,42,46,47,48,49,50,51,52,53,54,55,56,57,60,61,62,63,64,65,66,67,68,69,71,72,73,74,76,77,78,80,81,82,83,84,85,86,87,88,89,90,91,92,93,94,95,96,97,100,101,102,103,104,106,108,109,110,111,112,113,114,115,117,118,119,120,121,126,127,129,130,131,132,133,134,136,137,139,140,141,142,143,144,145,146,147,149,150,151,153,154,155,156,157,158,159,161,162,163,164,166,167,168,169,170,171,172,173,176,177,178,179,181,182,183,184,185,186,187,188,189,191,192,194,196,197,198,199,200,201,202,203,204,205,206,207,210,211,214,215,216,217,218,219,220,221,222,223,224,226,227,229,230,231,232,233,234,235,236,237
Results_20211004_0002_15_outer_1.hdf5,200,1,4,5,6,7,10,11,12,16,19,20,21,22,23,24,25,26,27,31,32,33,34,35,36,37,38,39,40,41,42,46,47,48,49,50,51,52,53,54,55,56,57,60,61,62,63,64,65,66,67,68,69,70,71,72,73,74,76,77,78,80,81,82,83,84,85,86,87,88,89,90,91,92,93,94,95,96,97,100,101,102,103,104,106,108,109,110,111,112,113,114,115,116,117,118,119,120,121,123,124,126,127,129,130,131,132,133,134,136,137,138,139,140,141,142,143,144,145,146,147,149,150,151,152,153,154,155,156,157,158,159,161,162,163,164,166,167,168,169,170,171,172,173,175,176,177,178,179,180,181,182,183,184,185,186,187,188,189,191,192,193,194,196,197,198,199,200,201,202,203,204,205,206,207,208,210,211,214,215,216,217,218,219,220,221,222,223,224,226,227,229,230,231,232,233,234,235,236,237,240
Results_20211004_0003_15_inner_1.hdf5,199,1,2,4,5,6,7,10,11,12,16,18,19,20,21,22,23,24,25,27,31,32,33,34,35,36,37,38,39,40,41,42,46,47,48,49,50,51,52,53,54,55,56,57,59,60,61,62,63,64,65,66,67,68,69,70,71,72,73,74,76,77,78,80,81,82,83,84,85,86,87,88,89,90,91,92,93,94,95,96,97,100,101,102,103,104,106,108,109,110,111,112,113,114,115,116,117,119,120,121,123,124,126,127,129,130,131,132,133,134,136,137,138,139,140,141,142,143,144,145,146,147,149,150,151,153,154,155,156,157,158,159,161,162,163,164,166,167,168,169,170,171,172,173,174,175,176,177,178,179,180,181,182,183,184,185,186,187,188,189,191,192,194,196,197,198,199,200,201,202,203,204,205,206,207,210,211,214,215,216,217,218,219,220,221,222,223,224,226,227,229,230,231,232,233,234,235,236,237,240
Results_20211005_0000_15_inner_2.hdf5,185,1,2,4,5,6,7,11,12,16,18,19,20,21,22,23,27,31,32,33,34,35,36,37,38,39,40,41,42,46,47,48,49,50,51,52,53,54,55,56,57,60,61,62,63,64,65,66,67,68,69,70,71,72,74,76,78,80,81,82,83,84,85,86,87,89,90,91,92,93,95,96,97,100,101,102,103,104,106,108,109,110,111,112,113,114,115,116,117,118,119,120,121,123,126,127,129,130,131,132,133,134,136,137,138,139,140,141,142,143,144,145,146,147,149,150,151,153,154,155,156,157,158,159,161,162,164,166,167,168,169,170,171,172,173,176,177,178,179,181,182,183,184,185,186,187,188,189,191,192,194,196,197,198,199,200,201,202,203,204,205,206,207,210,211,214,215,216,217,218,219,220,221,222,223,224,227,229,230,231,232,233,234,235,236,237
Results_20211005_0005_-15_outer_1.hdf5,194,1,4,5,6,7,10,11,12,16,18,19,20,21,22,23,24,26,27,31,32,33,34,35,36,37,38,39,40,41,42,46,47,48,49,50,51,52,53,54,55,56,57,60,61,62,63,64,65,66,67,68,69,70,71,72,73,74,76,77,78,80,81,82,83,84,85,86,87,88,89,90,91,92,93,94,95,96,97,100,101,102,103,104,106,108,109,110,111,112,113,114,115,117,118,119,120,121,126,127,129,130,131,132,133,134,136,137,139,140,141,142,143,144,145,146,147,149,150,151,153,154,155,156,157,158,159,161,162,163,164,166,167,168,169,170,171,172,173,174,175,176,177,178,179,180,181,182,183,184,185,186,187,188,189,191,192,194,196,197,198,199,200,201,202,203,204,205,206,207,210,211,214,215,216,217,218,219,220,221,222,223,224,226,227,229,230,231,232,233,234,235,236,237,240
Results_20211005_0006_-15_inner_1.hdf5,188,1,2,4,5,6,7,10,11,12,16,18,19,20,21,22,23,26,27,31,32,33,34,35,36,37,38,39,40,41,42,46,47,48,49,50,51,52,53,54,55,56,57,60,61,62,63,64,65,66,67,68,69,70,71,72,74,76,78,80,81,82,83,84,85,86,87,89,90,92,93,95,96,97,100,101,102,103,104,106,108,109,110,111,112,113,114,115,116,117,118,119,120,121,123,126,127,129,130,131,132,133,134,136,137,138,139,140,141,142,143,144,145,146,147,149,150,151,153,154,155,156,157,158,159,161,162,164,166,167,168,169,170,171,172,173,174,176,177,178,179,181,182,183,184,185,186,187,188,189,191,192,194,196,197,198,199,200,201,202,203,204,205,206,207,210,211,214,215,216,217,218,219,220,221,222,223,224,226,227,229,230,231,232,233,234,235,236,237
Results_20211006_0000_-15_inner_2.hdf5,179,1,2,4,5,6,7,10,11,12,16,17,18,19,20,21,22,23,27,31,32,33,34,35,36,37,38,39,40,41,42,46,47,48,50,51,52,53,54,55,56,57,60,61,62,63,64,65,66,67,68,69,71,72,73,74,76,80,81,82,83,84,85,86,87,89,90,92,95,96,100,101,102,103,104,106,108,109,110,111,112,113,114,115,116,117,118,119,120,121,123,126,127,129,130,131,132,133,134,136,137,138,139,140,141,142,143,144,145,146,147,149,150,151,153,154,155,156,157,158,162,163,164,166,167,168,169,170,173,175,177,178,181,182,183,184,185,186,187,188,189,191,192,194,196,197,198,199,200,201,202,203,204,205,206,207,210,211,214,215,216,217,218,219,220,221,222,223,224,226,227,229,230,231,232,233,234,235,236,237
Results_20211007_0004_22.5_outer_1.hdf5,200,1,4,5,6,7,10,11,12,16,18,19,20,21,22,23,24,25,26,27,31,32,33,34,35,36,37,38,39,40,41,42,46,47,48,49,50,51,52,53,54,55,56,57,60,61,62,63,64,65,66,67,68,69,70,71,72,73,74,76,77,78,80,81,82,83,84,85,86,87,88,89,90,91,92,93,94,95,96,97,100,101,102,103,104,106,108,109,110,111,112,113,114,115,116,117,118,119,120,121,123,124,127,129,130,131,132,133,134,136,137,138,139,140,141,142,143,144,145,146,147,149,150,151,152,153,154,155,156,157,158,159,161,162,163,164,166,167,168,169,170,171,172,173,174,175,176,177,178,179,180,181,182,183,184,185,186,187,188,189,191,192,193,194,196,197,198,199,200,201,202,203,204,205,206,207,210,211,214,215,216,217,218,219,220,221,222,223,224,226,227,229,230,231,232,233,234,235,236,237,240
Results_20211007_0005_22.5_inner_1.hdf5,195,1,2,4,5,6,7,10,11,12,16,18,19,20,21,22,23,24,26,27,31,32,33,34,35,36,37,38,39,40,41,42,46,47,48,49,50,51,52,53,54,55,56,57,60,61,62,63,64,65,66,67,68,69,70,71,72,73,74,76,77,78,80,81,82,83,84,85,86,87,88,89,90,91,92,93,94,95,96,97,100,101,102,103,104,106,108,109,110,111,112,113,114,115,117,118,119,120,121,123,124,127,129,130,131,132,133,134,136,137,138,139,140,141,142,143,144,145,146,147,149,150,151,153,154,155,156,157,158,159,161,162,163,164,166,167,168,169,170,171,172,173,174,175,176,177,178,179,181,182,183,184,185,186,187,188,189,191,192,194,196,197,198,199,200,201,202,203,204,205,206,207,210,211,214,215,216,217,218,219,220,221,222,223,224,226,227,229,230,231,232,233,234,235,236,237
Results_20211008_0000_22.5_inner_1.hdf5,187,1,2,4,5,6,7,11,12,16,17,18,19,20,21,22,23,24,26,27,31,32,33,34,35,36,37,38,39,40,41,42,46,47,48,49,50,51,52,53,54,55,56,57,60,61,62,63,64,65,66,67,68,69,70,71,72,73,74,76,78,80,81,82,83,84,85,86,87,89,90,91,92,93,94,95,96,97,100,102,103,104,106,108,109,110,111,112,113,114,115,117,118,119,120,121,123,124,127,129,130,131,132,133,134,136,137,138,139,140,141,142,143,144,145,146,147,149,150,151,153,154,155,156,157,158,159,161,162,164,166,167,168,169,170,173,175,176,177,178,179,181,182,183,184,185,186,187,188,189,191,192,194,196,197,198,199,200,201,202,203,204,205,206,207,210,211,214,215,216,217,218,219,220,221,222,223,224,226,227,229,230,231,232,233,235,236,237
Results_20211012_0003_-37.5_outer_1.hdf5,195,1,4,5,6,7,10,11,12,16,18,19,20,21,22,23,25,26,27,31,32,33,34,35,36,37,38,39,40,41,42,46,47,48,49,50,51,52,53,54,55,56,57,59,60,61,62,63,64,65,66,67,68,69,70,71,72,73,74,76,77,78,80,81,82,83,84,85,86,87,88,89,90,91,92,93,94,95,96,97,100,101,102,103,104,106,108,109,110,111,112,113,114,115,116,117,118,119,120,121,126,127,129,130,131,132,133,134,136,137,138,139,140,141,142,143,144,145,146,147,149,150,151,153,154,155,156,157,158,159,161,162,163,164,166,167,168,169,170,171,172,173,174,175,176,177,178,179,181,182,183,184,185,186,187,188,189,191,192,194,196,197,198,199,200,201,202,203,204,206,207,210,211,214,215,216,217,218,219,220,221,222,223,224,226,227,229,230,231,232,233,234,235,236,237,240
Results_20211012_0004_-37.5_inner_1.hdf5,189,1,2,4,5,6,7,10,11,12,16,18,19,20,21,22,23,27,31,32,33,34,35,36,37,38,39,40,41,42,46,47,48,49,50,51,52,53,54,55,56,57,60,61,62,63,64,65,66,67,68,69,71,72,73,74,76,78,80,81,82,83,84,85,86,87,89,90,91,92,93,94,95,96,97,100,101,102,103,104,108,109,110,111,112,113,114,115,116,117,118,119,120,121,123,126,127,129,130,131,132,133,134,136,137,138,139,140,141,142,143,144,145,146,147,149,150,151,153,154,155,156,158,159,161,162,163,164,166,167,168,169,170,172,173,174,175,176,177,178,179,181,182,183,184,185,186,187,188,189,191,192,194,196,197,198,199,200,201,202,203,204,205,206,207,210,211,214,215,216,217,218,219,220,221,222,223,224,226,227,229,230,231,232,233,234,235,236,237,240
Results_20211013_0000_-37.5_inner_2.hdf5,179,1,2,4,5,6,7,11,12,16,17,18,19,20,21,22,23,25,27,31,32,33,34,35,36,37,38,39,40,41,42,46,47,48,49,50,51,52,53,54,55,56,57,60,61,62,63,65,66,67,68,69,71,72,76,80,81,82,83,84,85,86,87,89,90,91,93,94,95,96,97,100,101,102,103,104,109,110,111,112,113,114,115,116,117,118,119,120,121,123,126,127,129,130,131,132,133,134,136,137,138,139,140,141,142,143,144,145,146,147,149,150,151,153,154,155,156,157,158,159,162,164,166,167,168,169,170,172,173,175,177,178,179,181,182,183,184,185,186,187,188,189,191,192,194,196,197,198,199,200,201,202,203,204,205,206,207,210,211,214,215,216,217,218,219,220,221,222,223,224,226,227,229,230,231,232,233,235,236,237
Results_20211013_0003_37.5_outer_1.hdf5,199,1,4,5,6,7,10,11,12,16,18,19,20,21,22,23,24,25,26,27,31,32,33,34,35,36,37,38,39,40,41,42,46,47,48,49,50,51,52,53,54,55,56,57,60,61,62,63,64,65,66,67,68,69,70,71,72,73,74,76,77,78,80,81,82,83,84,85,86,87,88,89,90,91,92,93,94,95,96,97,100,101,102,103,104,106,108,109,110,111,112,113,114,115,116,117,118,119,120,121,123,124,127,129,130,131,132,133,134,136,137,138,139,140,141,142,143,144,145,146,147,149,150,151,152,153,154,155,156,157,158,159,161,162,163,164,166,167,168,169,170,171,172,173,174,175,176,177,178,179,180,181,182,183,184,185,186,187,188,189,191,192,194,196,197,198,199,200,201,202,203,204,205,206,207,210,211,214,215,216,217,218,219,220,221,222,223,224,226,227,229,230,231,232,233,234,235,236,237,240
Results_20211013_0004_37.5_inner_1.hdf5,195,1,2,4,5,6,7,10,11,12,16,18,19,20,21,22,23,25,26,27,31,32,33,34,35,36,37,38,39,40,41,42,46,47,48,49,50,51,52,53,54,55,56,57,60,61,62,63,64,65,66,67,68,69,70,71,72,73,74,76,77,78,80,81,82,83,84,85,86,87,88,89,90,91,92,93,94,95,96,97,100,101,102,103,104,108,109,110,111,112,113,114,115,116,117,118,119,120,121,123,126,127,129,130,131,132,133,134,136,137,138,139,140,142,143,144,145,146,147,149,150,151,153,154,155,156,157,158,159,161,162,164,166,167,168,169,170,171,172,173,174,175,176,177,178,179,180,181,182,183,184,185,186,187,188,189,191,192,194,196,197,198,199,200,201,202,203,204,205,206,207,210,211,214,215,216,217,218,219,220,221,222,223,224,226,227,229,230,231,232,233,234,235,236,237,240
Results_20211014_0000_37.5_inner_2.hdf5,178,1,2,4,5,6,7,11,12,16,17,18,19,20,21,22,23,26,27,31,32,33,34,35,36,37,38,39,40,41,42,47,48,49,50,51,52,53,54,55,56,57,60,61,62,63,64,65,66,67,68,69,70,71,72,73,76,78,80,81,82,83,84,85,86,87,89,90,92,93,95,96,97,100,101,102,103,104,109,110,111,112,113,114,115,116,117,118,119,120,121,126,127,129,130,131,132,133,134,136,137,138,139,140,141,142,143,144,145,146,147,149,150,151,153,154,155,156,157,158,159,162,164,166,167,168,169,170,173,175,177,178,179,181,182,183,184,185,186,187,188,189,191,192,196,197,198,199,200,201,202,203,204,205,206,207,210,211,214,215,216,217,218,219,221,222,223,224,226,227,229,230,231,232,233,234,235,236,237
Results_20211014_0003_-22.5_outer_1.hdf5,196,1,4,5,6,7,10,11,12,16,19,20,21,22,23,24,26,27,31,32,33,34,35,36,37,38,39,40,41,42,46,47,48,49,50,51,52,53,54,55,56,57,60,61,62,63,64,65,66,67,68,69,70,71,72,74,76,77,78,80,81,82,83,84,85,86,87,88,89,90,91,92,93,94,95,96,97,100,101,102,103,104,106,108,109,110,111,112,113,114,115,116,117,118,119,120,121,123,124,126,127,129,130,131,132,133,134,136,137,138,139,140,141,142,143,144,145,146,147,149,150,151,152,153,154,155,156,157,158,159,161,162,163,164,166,167,168,169,170,171,172,173,175,176,177,178,179,180,181,182,183,184,185,186,187,188,189,191,192,194,196,197,198,199,200,201,202,203,204,205,206,207,210,211,214,215,216,217,218,219,220,221,222,223,224,226,227,229,230,231,232,233,234,235,236,237,240
Results_20211014_0004_-22.5_inner_1.hdf5,187,1,4,5,6,7,11,16,18,19,20,21,22,23,26,27,31,32,33,34,35,36,37,38,39,40,41,42,46,47,48,49,50,51,52,53,54,55,56,57,60,61,62,63,64,65,66,67,68,69,70,71,72,73,74,76,78,80,81,82,83,84,85,86,87,88,89,90,91,92,93,94,95,96,97,100,101,102,103,104,108,109,110,111,112,113,114,115,116,117,118,119,120,121,123,126,127,129,130,131,132,133,134,136,137,139,140,141,142,143,144,145,146,147,149,150,151,153,154,155,156,157,158,159,161,162,163,164,166,167,168,169,170,171,172,173,175,176,177,178,179,181,182,183,184,185,186,187,188,189,191,192,194,196,197,198,199,200,201,202,203,204,205,206,207,210,211,214,215,216,217,218,219,220,222,223,224,226,227,229,230,231,232,233,234,235,236,237
Results_20211015_0000_-22.5_inner_2.hdf5,185,1,2,4,5,6,7,11,12,16,17,18,19,20,21,22,23,27,31,32,33,34,35,36,37,38,39,40,41,42,46,47,48,50,51,52,53,54,55,56,57,60,61,62,63,64,65,66,67,68,69,71,72,74,76,78,80,81,82,83,84,85,86,87,89,90,91,92,93,94,95,96,97,100,101,102,103,104,108,109,110,111,112,113,114,115,117,118,119,120,121,123,126,127,129,130,131,132,133,134,136,137,138,139,140,141,142,143,144,145,146,147,149,150,151,153,154,155,156,157,158,159,161,162,163,164,166,167,168,169,170,173,174,175,176,177,178,179,181,182,183,184,185,186,187,188,189,191,192,194,196,197,198,199,200,201,202,203,204,205,206,207,210,211,214,215,216,217,218,219,220,221,222,223,224,226,227,229,230,231,232,233,234,235,236,237
Results_20211015_0003_30_outer_1.hdf5,195,1,4,5,6,7,10,11,12,16,19,20,21,22,23,25,26,27,31,32,33,34,35,36,37,38,39,40,41,42,46,47,48,49,50,51,52,53,54,55,56,57,60,61,62,63,64,65,66,67,68,69,70,71,72,73,74,76,77,78,80,81,82,83,84,85,86,87,88,89,90,91,92,93,94,95,96,97,100,101,102,103,104,106,108,109,110,111,112,113,114,115,116,117,118,119,120,121,126,127,129,130,131,132,133,134,136,137,138,139,140,141,142,143,144,145,146,147,149,150,151,153,154,155,156,157,158,159,161,162,163,164,166,167,168,169,170,171,172,173,174,175,176,177,178,179,180,181,182,183,184,185,186,187,188,189,191,192,194,196,197,198,199,200,201,202,203,204,205,206,207,210,211,214,215,216,217,218,219,220,221,222,223,224,226,227,229,230,231,232,233,234,235,236,237,240
Results_20211018_0002_30_inner_1.hdf5,200,1,4,5,6,7,10,11,12,16,19,20,21,22,23,24,25,26,27,31,32,33,34,35,36,37,38,39,40,41,42,46,47,48,49,50,51,52,53,54,55,56,57,60,61,62,63,64,65,66,67,68,69,70,71,72,73,74,76,77,78,80,81,82,83,84,85,86,87,88,89,90,91,92,93,94,95,96,97,100,101,102,103,104,106,108,109,110,111,112,113,114,115,116,117,118,119,120,121,123,124,126,127,129,130,131,132,133,134,136,137,139,140,141,142,143,144,145,146,147,149,150,151,152,153,154,155,156,157,158,159,161,162,163,164,166,167,168,169,170,171,172,173,174,175,176,177,178,179,180,181,182,183,184,185,186,187,188,189,191,192,193,194,196,197,198,199,200,201,202,203,204,205,206,207,208,210,211,214,215,216,217,218,219,220,221,222,223,224,226,227,229,230,231,232,233,234,235,236,237,240
Results_20211018_0003_30_inner_2.hdf5,197,1,2,4,5,6,7,10,11,12,16,18,19,20,21,22,23,24,26,27,31,32,33,35,36,37,38,39,40,41,42,46,47,48,49,50,51,52,53,54,55,56,57,60,61,62,63,64,65,66,67,68,69,70,71,72,73,74,76,77,78,80,81,82,83,84,85,86,87,88,89,90,91,92,93,94,95,96,97,100,101,102,103,104,106,108,109,110,111,112,113,114,115,116,117,118,119,120,121,123,126,127,129,130,131,132,133,134,136,137,139,140,141,142,143,144,145,146,147,149,150,151,152,153,154,155,156,157,158,159,161,162,163,164,166,167,168,169,170,171,172,173,174,175,176,177,178,179,181,182,183,184,185,186,187,188,189,191,192,193,194,196,197,198,199,200,201,202,203,204,205,206,207,210,211,214,215,216,217,218,219,220,221,222,223,224,226,227,229,230,231,232,233,234,235,236,237,240
Results_20211020_0003_-30_inner_1.hdf5,201,1,4,5,6,7,10,11,12,16,19,20,21,22,23,24,25,26,27,31,32,33,34,35,36,37,38,39,40,41,42,46,47,48,49,50,51,52,53,54,55,56,57,60,61,62,63,64,65,66,67,68,69,70,71,72,73,74,76,77,78,80,81,82,83,84,85,86,87,88,89,90,91,92,93,94,95,96,97,100,101,102,103,104,106,108,109,110,111,112,113,114,115,116,117,118,119,120,121,123,124,126,127,129,130,131,132,133,134,136,137,138,139,140,141,142,143,144,145,146,147,149,150,151,152,153,154,155,156,157,158,159,161,162,163,164,166,167,168,169,170,171,172,173,174,175,176,177,178,179,180,181,182,183,184,185,186,187,188,189,191,192,193,194,196,197,198,199,200,201,202,203,204,205,206,207,208,210,211,214,215,216,217,218,219,220,221,222,223,224,226,227,229,230,231,232,233,234,235,236,237,240
Results_20211020_0004_-30_inner_2.hdf5,199,1,2,4,5,6,7,10,11,12,16,18,19,20,21,22,23,24,25,26,27,31,32,33,34,35,36,37,38,39,40,41,42,46,47,48,49,50,51,52,53,54,55,56,57,60,61,62,63,64,65,66,67,68,69,70,71,72,73,74,76,77,78,80,81,82,83,84,85,86,87,88,89,90,91,92,93,94,95,96,97,100,101,102,103,104,106,108,109,110,111,112,113,114,115,117,118,119,120,121,123,124,126,127,129,130,131,132,133,134,136,137,138,139,140,141,142,143,144,145,146,147,149,150,151,152,153,154,155,156,157,158,159,161,162,163,164,166,167,168,169,170,171,172,173,175,176,177,178,179,180,181,182,183,184,185,186,187,188,189,191,192,194,196,197,198,199,200,201,202,203,204,205,206,207,210,211,214,215,216,217,218,219,220,221,222,223,224,226,227,229,230,231,232,233,234,235,236,237,240
Results_20211020_0005_-30_outer_1.hdf5,190,1,2,4,5,6,7,11,12,16,18,19,20,21,22,23,25,26,27,31,32,33,34,35,36,37,38,39,40,41,42,46,47,48,49,50,51,52,53,54,55,56,57,60,61,62,63,64,65,66,67,68,69,70,71,72,73,74,76,80,81,82,83,84,85,86,87,88,89,90,91,92,93,95,96,97,100,101,102,103,104,106,108,109,110,111,112,113,114,115,116,117,118,119,120,121,123,126,127,129,130,131,132,133,134,136,137,138,139,140,141,142,143,144,145,146,147,149,150,151,153,154,155,156,157,158,159,162,164,166,167,168,169,170,171,172,173,174,175,176,177,178,179,181,182,183,184,185,186,187,188,189,191,192,194,196,197,198,199,200,201,202,203,204,205,206,207,210,211,214,215,216,217,218,219,220,221,222,223,224,226,227,229,230,231,232,233,234,235,236,237
Results_20211021_0002_45_outer_1.hdf5,200,1,4,5,6,7,10,11,12,16,18,19,20,21,22,23,24,25,26,27,31,32,33,35,36,37,38,39,40,41,42,46,47,48,49,50,51,52,53,54,55,56,57,59,60,61,62,63,64,65,66,67,68,69,70,71,72,73,74,76,77,78,80,81,82,83,84,85,86,87,88,89,90,91,92,93,94,95,96,97,100,101,102,103,104,106,108,109,110,111,112,113,114,115,116,117,118,119,120,121,123,124,126,127,129,130,131,132,133,134,136,137,138,139,140,141,142,143,144,145,146,147,149,150,151,152,153,154,155,156,157,158,159,161,162,163,164,166,167,168,169,170,171,172,173,174,175,176,177,178,179,180,181,182,183,184,185,186,187,188,189,191,192,194,196,197,198,199,200,201,202,203,204,205,206,207,210,211,214,215,216,217,218,219,220,221,222,223,224,226,227,229,230,231,232,233,234,235,236,237,240
Results_20211021_0003_45_inner_1.hdf5,190,1,2,4,5,6,7,10,11,12,16,18,19,20,21,22,23,27,31,32,33,35,36,37,38,39,40,41,42,46,47,48,49,50,51,52,53,54,55,56,57,60,61,62,63,64,65,66,67,68,69,71,72,73,74,76,78,80,81,82,83,84,85,86,87,88,89,90,91,92,93,94,95,96,97,100,101,102,103,104,109,110,111,112,113,114,115,117,118,119,120,121,123,124,126,127,129,130,131,132,133,134,136,137,138,139,140,141,142,143,144,145,146,147,149,150,151,153,154,155,156,157,158,159,161,162,163,164,166,167,168,169,170,171,172,173,174,175,176,177,178,179,181,182,183,184,185,186,187,188,189,191,192,194,196,197,198,199,200,201,202,203,204,205,206,207,210,211,214,215,216,217,218,219,220,221,222,223,224,226,227,229,230,231,232,233,234,235,236,237,240
Results_20211022_0000_45_inner_2.hdf5,181,1,2,4,5,6,7,10,11,12,16,18,19,20,21,22,23,26,27,31,32,33,35,36,37,38,39,40,41,42,47,48,50,51,52,53,54,55,56,57,60,61,62,63,64,65,66,67,68,69,71,72,73,76,78,80,81,82,83,84,85,86,87,89,90,92,93,94,95,96,97,100,101,102,103,104,108,109,110,111,112,113,114,115,116,117,118,119,120,121,123,126,127,129,130,131,132,133,134,136,137,138,139,140,141,142,143,144,145,146,147,149,150,151,153,154,155,156,157,158,159,162,164,166,167,168,169,170,173,175,176,177,178,179,181,182,183,184,185,186,187,188,189,191,192,194,196,197,198,199,200,201,202,203,204,205,206,207,210,211,214,215,216,217,218,219,221,222,223,224,226,227,229,230,231,232,233,234,235,236,237,240
Results_20211022_0003_-37.5_outer_1.hdf5,199,1,4,5,6,7,10,11,12,16,18,19,20,21,22,23,24,25,26,27,31,32,33,34,35,36,37,38,39,40,41,42,46,47,48,49,50,51,52,53,54,55,56,57,60,61,62,63,64,65,66,67,68,69,70,71,72,73,74,76,77,78,80,81,82,83,84,85,86,87,88,89,90,91,92,93,94,95,96,97,100,101,102,103,104,106,108,109,110,111,112,113,114,115,116,117,118,119,120,121,123,126,127,129,130,131,132,133,134,136,137,138,139,140,141,142,143,144,145,146,147,149,150,151,152,153,154,155,156,157,158,159,161,162,163,164,166,167,168,169,170,171,172,173,175,176,177,178,179,180,181,182,183,184,185,186,187,188,189,191,192,193,194,196,197,198,199,200,201,202,203,204,205,206,207,210,211,214,215,216,217,218,219,220,221,222,223,224,226,227,229,230,231,232,233,234,235,236,237,240
Results_20211022_0004_-37.5_inner_1.hdf5,190,1,2,4,5,6,7,10,11,12,16,18,20,21,22,23,26,27,31,32,33,34,35,36,37,38,39,40,41,42,46,47,48,49,50,51,52,53,54,55,56,57,60,61,62,63,64,65,66,67,68,69,70,71,72,73,76,78,80,81,82,83,84,85,86,87,88,89,90,92,93,94,95,96,97,100,101,102,103,104,108,109,110,111,112,113,114,115,117,118,119,120,121,124,126,127,129,130,131,132,133,134,136,137,138,139,140,141,142,143,144,145,146,147,149,150,151,153,154,155,156,157,158,159,161,162,163,164,166,167,168,169,170,171,172,173,174,175,176,177,178,179,181,182,183,184,185,186,187,188,189,191,192,194,196,197,198,199,200,201,202,203,204,205,206,207,210,211,214,215,216,217,218,219,220,221,222,223,224,226,227,229,230,231,232,233,234,235,236,237,240
Results_20211023_0000_-37.5_inner_2.hdf5,180,1,2,4,5,6,7,11,12,16,17,18,19,20,21,22,23,25,27,31,32,33,34,35,36,37,38,39,40,41,42,46,47,48,49,50,51,52,53,54,55,56,57,60,61,62,63,64,65,66,67,68,69,71,72,73,76,78,80,81,82,83,84,85,86,87,89,90,92,93,95,96,97,100,101,102,103,104,108,109,110,111,112,113,114,115,116,117,118,119,120,121,123,126,127,129,130,131,132,133,134,136,137,138,140,141,142,143,144,145,146,147,149,150,151,153,154,155,156,157,158,159,162,164,166,167,168,170,172,173,175,177,178,179,181,182,183,184,185,186,187,188,189,191,192,194,196,197,198,199,200,201,202,203,204,205,206,207,210,211,214,215,216,217,218,219,221,222,223,224,226,227,229,230,231,232,233,234,235,236,237
